<?xml version="1.0" encoding="UTF-8"?>
<suppressions xmlns="https://jeremylong.github.io/DependencyCheck/dependency-suppression.1.3.xsd">
   <suppress>
   <notes><![CDATA[
   file name: spring-boot-2.2.4.RELEASE.jar
   ]]></notes>
   <packageUrl regex="true">^pkg:maven/org\.springframework\.boot/spring\-boot@.*$</packageUrl>
   <cve>CVE-2022-27772</cve>
</suppress>
<suppress>
   <notes><![CDATA[
   file name: spring-boot-starter-web-2.2.4.RELEASE.jar
   ]]></notes>
   <packageUrl regex="true">^pkg:maven/org\.springframework\.boot/spring\-boot\-starter\-web@.*$</packageUrl>
   <cve>CVE-2022-27772</cve>
</suppress>
<suppress>
   <notes><![CDATA[
   file name: spring-boot-starter-2.2.4.RELEASE.jar
   ]]></notes>
   <packageUrl regex="true">^pkg:maven/org\.springframework\.boot/spring\-boot\-starter@.*$</packageUrl>
   <cve>CVE-2022-27772</cve>
</suppress>
   <suppress>
      <notes><![CDATA[
      file name: bcprov-jdk15on-1.46.jar
      ]]></notes>
      <packageUrl regex="true">^pkg:maven/org\.bouncycastle/bcprov\-jdk15on@.*$</packageUrl>
      <cve>CVE-2013-1624</cve>
   </suppress>
   <suppress>
   <notes><![CDATA[
   file name: bcprov-jdk15on-1.46.jar
   ]]></notes>
   <packageUrl regex="true">^pkg:maven/org\.bouncycastle/bcprov\-jdk15on@.*$</packageUrl>
   <cpe>cpe:/a:bouncycastle:bouncy-castle-crypto-package</cpe>
</suppress>
<suppress>
   <notes><![CDATA[
   file name: bcprov-jdk15on-1.46.jar
   ]]></notes>
   <packageUrl regex="true">^pkg:maven/org\.bouncycastle/bcprov\-jdk15on@.*$</packageUrl>
   <cpe>cpe:/a:bouncycastle:bouncy_castle_crypto_package</cpe>
</suppress>
<suppress>
   <notes><![CDATA[
   file name: bcprov-jdk15on-1.46.jar
   ]]></notes>
   <packageUrl regex="true">^pkg:maven/org\.bouncycastle/bcprov\-jdk15on@.*$</packageUrl>
   <cpe>cpe:/a:bouncycastle:the_bouncy_castle_crypto_package_for_java</cpe>
</suppress>

</suppressions>